2196  Alejandro Gallo <aamsgallo@gmail.com>
241  Alexandru Fikl <alexfikl@gmail.com>
38  Nicolò Balzarotti <anothersms@gmail.com>
22  Alex Fikl <alexfikl@gmail.com>
20  jghauser <julian@julianhauser.com>
16  michaelplews <michael.plews@gmail.com>
13  Jackson Woodruff <woodruff.jackson@gmail.com>
10  Matthieu Coudron <mattator@gmail.com>
10  Michael R. Plews <michael.plews@gmail.com>
9  Matthieu Coudron <coudron@iij.ad.jp>
9  alejandrogallo <alejandrogallo@users.noreply.github.com>
7  Alexander Von Moll <avonmoll@gmail.com>
4  Julian Hauser <julian@julianhauser.com>
4  gouderm <DeepVim@protonmail.com>
3  gouderm <gouderm@pm.me>
2  Henrik Grimler <henrik@grimler.se>
2  JP-Ellis <josh@jpellis.me>
2  Katrin Leinweber <9948149+katrinleinweber@users.noreply.github.com>
2  Manuel Haussmann <manuel.haussmann@mailbox.org>
2  Michael Plews <michael.plews@gmail.com>
2  Michael Rodler <m@mrodler.eu>
2  Travis Wrightsman <travis@wrightsman.org>
2  prataffel <24615963+prataffel@users.noreply.github.com>
2  sebastien.popoff@espci.fr <sebastien.popoff@espci.fr>
1  Andrew <axr8451@rit.edu>
1  Andrey Akinshin <andrey.akinshin@gmail.com>
1  Christian Heinigk <christian.heinigk@rwth-aachen.de>
1  CosmosAtlas <zhuwenhan950913@gmail.com>
1  Dennis Bruggner <dennis@bruggner.net>
1  Felix Hummel <felix.hummel@tuwien.ac.at>
1  Fritzkefit <e1125349@student.tuwien.ac.at>
1  Hayk <haykh.mfs+github@gmail.com>
1  Henning Timm <henning.timm@tu-dortmund.de>
1  LGTM Migrator <lgtm-migrator@users.noreply.github.com>
1  Max Mahlke <19716714+maxmahlke@users.noreply.github.com>
1  Michael McMahon <michael@gnu.org>
1  Michael Rodler <michael.rodler@paluno.uni-due.de>
1  Oliver Lantwin <oliver.lantwin@cern.ch>
1  Robert Schütz <github@dotlambda.de>
1  Sébastien M. P <sebastien.popoff@espci.fr>
1  Sébastien M. Popoff <sebastien.popoff@espci.fr>
1  Theo Tsatsoulis <T.Tsatsoulis@fkf.mpg.de>
1  Theodoros Tsatsoulis <T.Tsatsoulis@fkf.mpg.de>
1  Theodoros Tsatsoulis <tsatsoulis.thodoris@gmail.com>
1  Zach Langley <zblangley@gmail.com>
1  ccat3z <c0ldcat3z@gmail.com>
1  d70-t <tobi@die70.de>
1  gouderm <70639593+gouderm@users.noreply.github.com>
1  leinher <53341108+leinher@users.noreply.github.com>
1  lennonhill <@>
1  mftrhu <mftrhu+github@inventati.org>
1  paper <michal@vasilek.cz>
